{
  "k_values": [
    1,
    5,
    10
  ],
  "max_recipes": 10,
  "mAP@1": 0.9666666666666667,
  "mAP@5": 0.9731574074074073,
  "mAP@10": 0.973615520282187
}